City,Lat,lng,Max Temp,Humidity,Cloudiness,Wind Speed,Country,Date
severo-kurilsk,50.68,156.12,50.49,78.0,100.0,11.39,RU,1592883852.0
vaini,-21.2,-175.2,78.8,78.0,40.0,10.29,TO,1592883852.0
cidreira,-30.18,-50.21,64.44,92.0,5.0,16.89,BR,1592883852.0
kalmar,56.66,16.36,55.99,100.0,0.0,3.36,SE,1592883852.0
merauke,-8.47,140.33,81.84,76.0,20.0,17.05,ID,1592883852.0
barrow,71.29,-156.79,35.6,80.0,75.0,13.87,US,1592883602.0
mahebourg,-20.41,57.7,71.6,73.0,40.0,6.93,MU,1592883853.0
east london,-33.02,27.91,53.6,58.0,0.0,10.29,ZA,1592883853.0
albany,42.6,-73.97,81.0,84.0,11.0,3.15,US,1592883853.0
codrington,-38.27,141.97,59.7,81.0,38.0,12.59,AU,1592883853.0
pangai,-19.8,-174.35,77.0,88.0,75.0,9.17,TO,1592883853.0
yarim,14.3,44.38,65.53,29.0,53.0,4.79,YE,1592883853.0
trelew,-43.25,-65.31,45.5,57.0,11.0,11.12,AR,1592883853.0
dingle,11.0,122.67,89.49,59.0,25.0,5.93,PH,1592883853.0
jacmel,18.23,-72.53,86.0,66.0,42.0,9.17,HT,1592883646.0
butaritari,3.07,172.79,83.12,74.0,47.0,15.21,KI,1592883854.0
punta arenas,-53.15,-70.92,41.0,86.0,100.0,16.11,CL,1592883576.0
yellowknife,62.46,-114.35,66.99,42.0,75.0,10.29,CA,1592883854.0
port keats,-14.25,129.55,84.24,29.0,0.0,7.76,AU,1592883854.0
thinadhoo,0.53,72.93,84.27,74.0,16.0,10.6,MV,1592883854.0
masuguru,-11.37,38.42,69.64,74.0,93.0,5.86,TZ,1592883854.0
guerrero negro,27.98,-114.06,63.99,89.0,100.0,14.61,MX,1592883854.0
shingu,33.73,135.98,82.4,51.0,20.0,11.41,JP,1592883854.0
port elizabeth,-33.92,25.57,50.0,76.0,0.0,4.7,ZA,1592883854.0
porto velho,-8.76,-63.9,75.2,94.0,63.0,1.12,BR,1592883854.0
broome,42.25,-75.83,75.2,64.0,90.0,8.05,US,1592883854.0
castro,-24.79,-50.01,56.26,82.0,0.0,3.27,BR,1592883855.0
katherine,-14.47,132.27,80.6,21.0,0.0,14.99,AU,1592883855.0
umba,66.69,34.34,48.63,66.0,5.0,6.04,RU,1592883855.0
kahului,20.89,-156.47,84.2,48.0,40.0,21.92,US,1592883671.0
kodiak,57.79,-152.41,53.6,76.0,90.0,11.41,US,1592883855.0
goderich,43.75,-81.72,71.01,92.0,94.0,1.01,CA,1592883855.0
atar,20.52,-13.05,92.28,15.0,0.0,12.95,MR,1592883855.0
port alfred,-33.59,26.89,57.99,63.0,0.0,8.9,ZA,1592883855.0
avarua,-21.21,-159.78,77.0,65.0,37.0,13.87,CK,1592883855.0
rikitea,-23.12,-134.97,70.25,57.0,36.0,14.72,PF,1592883856.0
hithadhoo,-0.6,73.08,84.67,72.0,10.0,9.04,MV,1592883856.0
bredasdorp,-34.53,20.04,44.6,93.0,8.0,3.65,ZA,1592883856.0
klaksvik,62.23,-6.59,46.4,93.0,88.0,11.41,FO,1592883856.0
arraial do cabo,-22.97,-42.03,72.21,80.0,3.0,10.87,BR,1592883856.0
tasiilaq,65.61,-37.64,48.2,87.0,0.0,14.99,GL,1592883856.0
soltvadkert,46.58,19.39,66.99,77.0,93.0,11.41,HU,1592883856.0
mar del plata,-38.0,-57.56,51.01,93.0,100.0,4.7,AR,1592883852.0
kapaa,22.08,-159.32,80.6,69.0,1.0,10.29,US,1592883856.0
busselton,-33.65,115.33,62.01,75.0,31.0,5.01,AU,1592883862.0
hobart,-42.88,147.33,55.0,93.0,75.0,18.34,AU,1592883850.0
yaguachi,-2.12,-79.68,75.2,83.0,20.0,9.17,EC,1592883862.0
aiquile,-18.2,-65.18,54.52,74.0,0.0,4.47,BO,1592883862.0
mamallapuram,12.63,80.17,87.8,62.0,40.0,8.05,IN,1592883862.0
tuktoyaktuk,69.45,-133.04,57.2,50.0,75.0,9.17,CA,1592883862.0
los llanos de aridane,28.66,-17.92,71.6,68.0,90.0,13.87,ES,1592883862.0
ibra,22.69,58.53,93.52,31.0,76.0,1.1,OM,1592883862.0
ugoofaaru,5.67,73.0,83.39,79.0,99.0,11.27,MV,1592883862.0
nikolskoye,59.7,30.79,57.2,71.0,0.0,2.48,RU,1592883862.0
nanortalik,60.14,-45.24,40.93,82.0,0.0,7.23,GL,1592883862.0
portland,45.52,-122.68,82.0,50.0,8.0,7.43,US,1592883309.0
lata,40.16,-8.33,64.0,95.0,0.0,1.07,PT,1592883863.0
kaitangata,-46.28,169.85,46.99,68.0,29.0,1.66,NZ,1592883863.0
kattivakkam,13.22,80.32,87.8,62.0,40.0,8.05,IN,1592883863.0
miraflores,19.22,-98.81,60.8,82.0,90.0,9.17,MX,1592883863.0
ponta do sol,32.67,-17.1,69.8,64.0,40.0,8.05,PT,1592883863.0
simao dias,-10.74,-37.81,68.43,96.0,27.0,3.65,BR,1592883863.0
saskylakh,71.92,114.08,87.66,22.0,5.0,8.21,RU,1592883863.0
vyara,21.12,73.4,86.0,70.0,40.0,9.17,IN,1592883863.0
karratha,-20.74,116.85,81.95,25.0,0.0,8.68,AU,1592883864.0
mataura,-46.19,168.86,46.67,80.0,82.0,0.49,NZ,1592883864.0
thompson,55.74,-97.86,60.8,87.0,40.0,3.36,CA,1592883864.0
havoysund,71.0,24.66,44.6,80.0,90.0,6.93,NO,1592883864.0
bueu,42.32,-8.79,71.6,73.0,0.0,2.24,ES,1592883864.0
palana,59.12,159.97,52.23,72.0,4.0,6.82,RU,1592883864.0
iqaluit,63.75,-68.51,42.8,81.0,40.0,9.17,CA,1592883864.0
saint-pierre,-21.34,55.48,64.4,82.0,14.0,5.82,RE,1592883864.0
henties bay,-22.12,14.28,66.36,33.0,0.0,8.1,NA,1592883864.0
miles city,46.41,-105.84,69.8,46.0,90.0,9.17,US,1592883865.0
aksay,47.26,39.87,68.0,82.0,1.0,2.24,RU,1592883865.0
christchurch,-43.53,172.63,51.01,100.0,79.0,6.93,NZ,1592883631.0
atuona,-9.8,-139.03,79.72,78.0,15.0,14.79,PF,1592883865.0
uvalde,29.37,-99.77,87.8,62.0,95.0,13.87,US,1592883865.0
shahr-e babak,30.12,55.12,81.91,14.0,0.0,8.75,IR,1592883865.0
grand gaube,-20.01,57.66,68.0,82.0,0.0,1.99,MU,1592883865.0
khatanga,71.97,102.5,86.52,25.0,84.0,11.41,RU,1592883865.0
bonavista,48.65,-53.11,54.86,92.0,34.0,17.65,CA,1592883866.0
ayios serafim,38.8,22.7,64.0,81.0,33.0,1.01,GR,1592883866.0
jamestown,42.1,-79.24,66.99,100.0,75.0,6.93,US,1592883866.0
sumenep,-7.02,113.87,84.87,64.0,100.0,11.81,ID,1592883866.0
melfi,41.0,15.65,75.2,50.0,75.0,12.75,IT,1592883866.0
sioux lookout,50.1,-91.92,59.0,77.0,75.0,2.24,CA,1592883866.0
mitsamiouli,-11.38,43.28,79.11,73.0,0.0,11.3,KM,1592883866.0
inongo,-1.95,18.27,70.93,77.0,68.0,1.48,CD,1592883866.0
wonthaggi,-38.6,145.59,57.99,80.0,46.0,8.81,AU,1592883867.0
port moresby,-9.44,147.18,86.0,74.0,40.0,18.34,PG,1592883872.0
qaanaaq,77.48,-69.36,37.51,88.0,100.0,1.79,GL,1592883872.0
chuy,-33.7,-53.46,60.53,96.0,100.0,11.9,UY,1592883872.0
provideniya,64.38,-173.3,44.6,81.0,90.0,13.42,RU,1592883872.0
hangu,39.25,117.79,82.4,51.0,100.0,8.95,CN,1592883872.0
chadiza,-14.07,32.44,49.21,93.0,0.0,3.6,ZM,1592883873.0
camabatela,-8.19,15.38,56.39,39.0,0.0,3.31,AO,1592883873.0
vila franca do campo,37.72,-25.43,66.2,93.0,40.0,11.41,PT,1592883873.0
bluff,-46.6,168.33,48.09,80.0,100.0,3.53,NZ,1592883873.0
payakumbuh,-0.22,100.63,76.73,79.0,96.0,3.49,ID,1592883873.0
tura,25.52,90.22,85.5,72.0,26.0,6.6,IN,1592883873.0
hovd,48.01,91.64,61.09,31.0,0.0,5.59,MN,1592883873.0
ushuaia,-54.8,-68.3,33.8,86.0,75.0,6.93,AR,1592883873.0
bengkulu,-3.8,102.27,79.63,85.0,94.0,9.64,ID,1592883873.0
pokhara,28.23,83.98,78.44,75.0,88.0,1.5,NP,1592883873.0
andra,62.51,65.89,55.02,50.0,90.0,5.12,RU,1592883874.0
camopi,3.17,-52.32,72.46,97.0,100.0,1.59,GF,1592883874.0
port blair,11.67,92.75,85.33,72.0,83.0,7.56,IN,1592883874.0
skalat,49.43,25.98,63.01,97.0,92.0,11.74,UA,1592883874.0
vaasa,63.1,21.62,61.0,82.0,0.0,2.24,FI,1592883874.0
sorong,-0.88,131.25,83.57,77.0,84.0,5.61,ID,1592883874.0
tiksi,71.69,128.87,53.13,59.0,0.0,5.19,RU,1592883875.0
fortuna,40.6,-124.16,62.01,87.0,1.0,6.93,US,1592883813.0
vostok,46.49,135.88,65.91,76.0,92.0,3.36,RU,1592883875.0
inverell,-29.78,151.12,51.01,68.0,97.0,1.99,AU,1592883875.0
tecpatan,17.13,-93.3,71.6,88.0,90.0,12.75,MX,1592883875.0
carnarvon,-24.87,113.63,71.6,53.0,75.0,13.87,AU,1592883875.0
lorengau,-2.02,147.27,84.99,73.0,100.0,5.86,PG,1592883875.0
vardo,70.37,31.11,41.0,75.0,75.0,9.17,NO,1592883875.0
amahai,-3.33,128.92,80.38,83.0,63.0,11.52,ID,1592883876.0
ostrovnoy,68.05,39.51,39.11,76.0,100.0,19.39,RU,1592883876.0
sabha,27.04,14.43,72.55,30.0,0.0,11.81,LY,1592883876.0
cabo san lucas,22.89,-109.91,79.0,61.0,5.0,10.16,MX,1592883858.0
cayenne,4.93,-52.33,75.2,100.0,75.0,2.24,GF,1592883843.0
bethel,41.37,-73.41,73.4,73.0,1.0,4.7,US,1592883812.0
norman wells,65.28,-126.83,55.4,93.0,90.0,4.7,CA,1592883876.0
mehamn,71.04,27.85,41.0,72.0,75.0,4.7,NO,1592883876.0
saint-philippe,-21.36,55.77,64.4,82.0,45.0,5.82,RE,1592883877.0
xalpatlahuac,17.47,-98.62,63.73,90.0,93.0,4.56,MX,1592883877.0
coihaique,-45.58,-72.07,33.8,95.0,45.0,3.36,CL,1592883877.0
catamarca,-28.47,-65.79,60.01,75.0,0.0,1.99,AR,1592883877.0
sitka,57.05,-135.33,51.8,87.0,90.0,1.01,US,1592883877.0
new norfolk,-42.78,147.06,55.0,90.0,100.0,3.0,AU,1592883882.0
sanmenxia,34.77,111.18,85.69,49.0,98.0,6.91,CN,1592883882.0
acapulco,16.86,-99.89,82.63,75.0,99.0,3.62,MX,1592883639.0
cape town,-33.93,18.42,53.01,100.0,75.0,5.82,ZA,1592883883.0
camocim,-2.9,-40.84,77.49,77.0,84.0,5.14,BR,1592883883.0
flinders,-34.58,150.86,62.01,52.0,3.0,5.99,AU,1592883883.0
novikovo,51.15,37.89,62.29,90.0,75.0,11.59,RU,1592883883.0
pisek,49.31,14.15,55.99,99.0,0.0,3.4,CZ,1592883883.0
aswan,24.09,32.91,88.07,13.0,0.0,9.82,EG,1592883883.0
iskateley,67.68,53.15,41.5,68.0,100.0,9.13,RU,1592883883.0
ahipara,-35.17,173.17,61.14,80.0,58.0,13.38,NZ,1592883884.0
puerto ayora,-0.74,-90.35,69.01,92.0,26.0,7.14,EC,1592883884.0
navalcarnero,40.29,-4.01,78.01,46.0,0.0,2.24,ES,1592883884.0
lac du bonnet,50.25,-96.06,61.0,73.0,74.0,5.01,CA,1592883884.0
hermanus,-34.42,19.23,45.0,98.0,10.0,1.01,ZA,1592883884.0
qurayyat,31.33,37.34,62.6,51.0,0.0,6.93,SA,1592883884.0
inirida,3.87,-67.92,73.89,97.0,95.0,2.46,CO,1592883884.0
saint-georges,12.06,-61.75,80.33,80.0,69.0,15.48,GD,1592883664.0
georgetown,5.41,100.34,86.0,74.0,20.0,4.7,MY,1592883885.0
bambous virieux,-20.34,57.76,71.6,73.0,40.0,6.93,MU,1592883885.0
pevek,69.7,170.31,31.95,97.0,15.0,16.13,RU,1592883885.0
luderitz,-26.65,15.16,50.0,81.0,0.0,5.82,NA,1592883885.0
sidi ali,36.1,0.42,75.07,44.0,0.0,9.57,DZ,1592883885.0
leningradskiy,69.38,178.42,36.19,81.0,91.0,16.87,RU,1592883885.0
kargasok,59.06,80.86,62.6,81.0,94.0,5.3,RU,1592883885.0
upernavik,72.79,-56.15,37.89,77.0,68.0,10.4,GL,1592883886.0
dikson,73.51,80.55,46.72,75.0,54.0,10.89,RU,1592883886.0
dunedin,-45.87,170.5,48.99,67.0,0.0,1.01,NZ,1592883599.0
airai,-8.93,125.41,70.16,64.0,2.0,4.74,TL,1592883886.0
castlegar,49.3,-117.67,70.0,56.0,26.0,5.01,CA,1592883886.0
pangnirtung,66.15,-65.71,46.04,68.0,94.0,1.66,CA,1592883886.0
port-gentil,-0.72,8.78,74.32,78.0,56.0,7.49,GA,1592883886.0
itaituba,-4.28,-55.98,75.69,74.0,51.0,1.52,BR,1592883886.0
kruisfontein,-34.0,24.73,51.78,44.0,0.0,6.8,ZA,1592883886.0
richards bay,-28.78,32.04,58.93,88.0,0.0,7.23,ZA,1592883887.0
alyangula,-13.85,136.42,82.4,51.0,40.0,13.87,AU,1592883887.0
qandala,11.47,49.87,90.43,53.0,77.0,0.34,SO,1592883887.0
zhigansk,66.77,123.37,77.61,33.0,0.0,8.61,RU,1592883887.0
castelo do piaui,-5.32,-41.55,69.91,68.0,12.0,2.95,BR,1592883626.0
torbay,47.67,-52.73,57.99,100.0,75.0,23.04,CA,1592883887.0
aklavik,68.22,-135.01,68.0,40.0,75.0,8.05,CA,1592883887.0
durant,33.99,-96.37,78.8,74.0,1.0,2.95,US,1592883887.0
mount isa,-20.73,139.5,66.2,24.0,0.0,6.93,AU,1592883887.0
esperance,-33.87,121.9,64.4,55.0,40.0,23.04,AU,1592883893.0
biak,-0.91,122.88,83.25,70.0,33.0,9.95,ID,1592883893.0
beloha,-25.17,45.05,62.06,97.0,33.0,7.29,MG,1592883893.0
oussouye,12.48,-16.55,80.6,94.0,15.0,4.7,SN,1592883893.0
staryy nadym,65.61,72.68,50.88,53.0,10.0,2.19,RU,1592883893.0
chiang klang,19.29,100.86,87.8,70.0,40.0,8.05,TH,1592883893.0
gigmoto,13.78,124.39,87.04,69.0,99.0,8.37,PH,1592883893.0
byron bay,-28.65,153.62,64.99,42.0,0.0,14.99,AU,1592883672.0
magura ilvei,47.38,24.8,55.99,91.0,100.0,2.68,RO,1592883893.0
nantucket,41.28,-70.1,64.0,93.0,90.0,3.36,US,1592883894.0
lebu,-37.62,-73.65,47.84,80.0,34.0,8.95,CL,1592883894.0
saint george,37.1,-113.58,98.6,10.0,1.0,6.93,US,1592883654.0
alofi,-19.06,-169.92,82.4,74.0,75.0,4.7,NU,1592883894.0
santiago del estero,-27.8,-64.26,62.6,84.0,0.0,10.2,AR,1592883894.0
nueva germania,-23.9,-56.57,77.04,52.0,87.0,5.84,PY,1592883894.0
hilo,19.73,-155.09,82.4,51.0,1.0,9.17,US,1592883894.0
berlevag,70.86,29.09,41.0,78.0,75.0,4.7,NO,1592883894.0
buta,2.79,24.73,68.97,96.0,91.0,0.65,CD,1592883894.0
plettenberg bay,-34.05,23.37,58.71,40.0,0.0,3.78,ZA,1592883895.0
ashiya,34.73,135.3,86.0,57.0,20.0,8.05,JP,1592883895.0
rexburg,43.83,-111.79,75.2,38.0,1.0,5.7,US,1592883895.0
necochea,-38.55,-58.74,48.99,95.0,98.0,11.01,AR,1592883662.0
taoudenni,22.68,-3.98,94.35,9.0,1.0,15.37,ML,1592883895.0
havre-saint-pierre,50.23,-63.6,55.4,93.0,75.0,4.7,CA,1592883895.0
baruun-urt,46.68,113.28,71.92,54.0,33.0,3.98,MN,1592883895.0
yar-sale,66.83,70.83,46.38,69.0,90.0,6.22,RU,1592883895.0
port augusta,-32.5,137.77,59.0,58.0,31.0,6.93,AU,1592883896.0
chumikan,54.72,135.31,49.03,75.0,41.0,10.29,RU,1592883896.0
okhotsk,59.38,143.3,50.2,78.0,62.0,12.08,RU,1592883896.0
saldanha,-33.01,17.94,44.6,93.0,0.0,1.12,ZA,1592883667.0
pisco,-13.7,-76.22,57.99,87.0,72.0,2.24,PE,1592883896.0
sarkand,45.41,79.92,85.46,15.0,67.0,8.03,KZ,1592883896.0
idritsa,56.33,28.9,59.58,73.0,0.0,3.4,RU,1592883896.0
kalmunai,7.42,81.82,86.41,65.0,100.0,8.43,LK,1592883896.0
tutoia,-2.76,-42.27,76.64,83.0,23.0,2.73,BR,1592883897.0
hami,42.8,93.45,81.18,14.0,0.0,5.57,CN,1592883897.0
grand-lahou,5.14,-5.02,75.97,89.0,99.0,7.49,CI,1592883897.0
asyut,27.18,31.18,82.31,26.0,0.0,3.71,EG,1592883897.0
abu samrah,35.3,37.18,67.95,71.0,0.0,12.21,SY,1592883897.0
axim,4.87,-2.24,76.91,83.0,100.0,6.89,GH,1592883897.0
shu,43.6,73.76,87.8,24.0,97.0,8.3,KZ,1592883897.0
brasileia,-11.02,-68.75,71.11,72.0,11.0,0.94,BR,1592883897.0
mayumba,-3.43,10.66,69.35,89.0,0.0,2.95,GA,1592883898.0
alice springs,-23.7,133.88,59.0,44.0,0.0,4.7,AU,1592883773.0
sao filipe,14.9,-24.5,76.8,75.0,0.0,6.69,CV,1592883898.0
namtsy,62.72,129.67,75.2,29.0,5.0,4.47,RU,1592883898.0
villarrica,-25.75,-56.43,72.43,62.0,5.0,7.16,PY,1592883898.0
anadyr,64.75,177.48,50.0,87.0,40.0,4.47,RU,1592883903.0
saint anthony,45.02,-93.22,69.8,49.0,1.0,5.82,US,1592883903.0
longyearbyen,78.22,15.64,42.8,75.0,20.0,2.24,SJ,1592883903.0
guilin,25.28,110.29,86.0,74.0,90.0,11.18,CN,1592883903.0
ribeira brava,32.65,-17.07,69.8,64.0,40.0,8.05,PT,1592883904.0
tromso,69.65,18.96,50.0,76.0,99.0,10.29,NO,1592883904.0
neiafu,-18.65,-173.98,82.4,83.0,40.0,4.7,TO,1592883904.0
perelyub,51.87,50.37,57.81,62.0,0.0,8.01,RU,1592883904.0
hit,33.64,42.83,85.15,19.0,0.0,19.33,IQ,1592883904.0
faanui,-16.48,-151.75,77.74,75.0,3.0,19.1,PF,1592883904.0
yulara,-25.24,130.99,62.6,33.0,0.0,6.93,AU,1592883904.0
aykhal,66.0,111.5,75.2,33.0,40.0,11.18,RU,1592883905.0
rafraf,37.19,10.18,69.8,73.0,20.0,8.05,TN,1592883905.0
nyimba,-14.56,30.81,54.37,73.0,12.0,2.64,ZM,1592883905.0
aripuana,-9.17,-60.63,75.16,68.0,30.0,1.32,BR,1592883905.0
seymchan,62.88,152.43,80.19,37.0,46.0,4.29,RU,1592883905.0
mawlaik,23.63,94.42,78.87,93.0,100.0,1.5,MM,1592883905.0
abu kamal,34.45,40.92,78.94,35.0,0.0,12.41,SY,1592883905.0
makaha,21.47,-158.22,84.2,54.0,90.0,13.87,US,1592883905.0
tubinskiy,52.89,58.22,53.6,58.0,0.0,8.95,RU,1592883906.0
chokurdakh,70.63,147.92,68.54,31.0,84.0,8.59,RU,1592883906.0
alto araguaia,-17.31,-53.22,61.97,64.0,55.0,4.76,BR,1592883906.0
bayji,34.93,43.49,91.0,12.0,0.0,13.73,IQ,1592883906.0
te anau,-45.42,167.72,49.1,81.0,55.0,0.76,NZ,1592883906.0
altamont,42.21,-121.74,84.2,21.0,1.0,8.05,US,1592883906.0
chapais,49.78,-74.85,68.0,82.0,75.0,4.63,CA,1592883675.0
hamina,60.57,27.2,60.8,67.0,0.0,2.24,FI,1592883906.0
oksfjord,70.24,22.35,53.01,66.0,2.0,10.29,NO,1592883906.0
sukabumi,-6.92,106.93,83.86,58.0,93.0,1.25,ID,1592883845.0
namibe,-15.2,12.15,69.24,66.0,0.0,5.03,AO,1592883907.0
ustek,50.58,14.34,55.0,92.0,0.0,3.91,CZ,1592883907.0
plouzane,48.38,-4.62,55.4,93.0,0.0,2.24,FR,1592883907.0
labuhan,-6.88,112.21,85.24,63.0,70.0,1.66,ID,1592883907.0
muros,42.78,-9.06,68.0,73.0,0.0,5.01,ES,1592883907.0
olinda,-8.01,-34.86,80.6,65.0,44.0,11.41,BR,1592883908.0
kendari,-3.94,122.5,84.11,67.0,59.0,4.27,ID,1592883908.0
kropotkin,45.44,40.58,70.86,81.0,58.0,2.1,RU,1592883908.0
souillac,-20.52,57.52,71.6,73.0,40.0,6.93,MU,1592883908.0
karagay,58.27,54.94,56.84,62.0,93.0,9.73,RU,1592883908.0
chatrapur,19.35,84.98,89.78,54.0,2.0,4.88,IN,1592883908.0
ceres,37.59,-120.96,93.2,30.0,20.0,13.87,US,1592883908.0
rodrigues alves,-7.74,-72.65,71.28,94.0,1.0,1.36,BR,1592883908.0
imeni poliny osipenko,52.42,136.49,63.75,58.0,73.0,0.78,RU,1592883908.0
paita,-5.09,-81.11,65.05,84.0,0.0,11.83,PE,1592883908.0
chilca,-12.52,-76.74,62.6,77.0,75.0,5.82,PE,1592883909.0
santa cruz de la palma,28.68,-17.76,71.6,68.0,90.0,13.87,ES,1592883909.0
sangar,63.92,127.47,76.23,38.0,8.0,5.66,RU,1592883914.0
stornoway,58.21,-6.39,51.8,93.0,99.0,11.41,GB,1592883914.0
baglung,28.27,83.59,78.15,71.0,80.0,4.59,NP,1592883914.0
narsaq,60.92,-46.05,48.2,66.0,0.0,5.82,GL,1592883914.0
marzuq,14.4,46.47,86.16,16.0,86.0,1.52,YE,1592883914.0
sambava,-14.27,50.17,71.35,82.0,16.0,10.29,MG,1592883914.0
kupang,-10.17,123.58,87.8,45.0,40.0,20.8,ID,1592883915.0
camacupa,-12.02,17.48,44.28,67.0,0.0,3.47,AO,1592883915.0
tiradentes,-21.11,-44.18,55.33,81.0,97.0,3.24,BR,1592883915.0
tilichiki,60.47,166.1,66.7,58.0,27.0,4.83,RU,1592883915.0
batagay-alyta,67.8,130.41,81.41,31.0,35.0,6.11,RU,1592883915.0
tuatapere,-46.13,167.68,49.91,78.0,100.0,1.68,NZ,1592883915.0
samarai,-10.62,150.67,81.16,81.0,98.0,11.77,PG,1592883915.0
vao,-22.67,167.48,72.09,74.0,20.0,9.62,NC,1592883915.0
trinidad,-14.83,-64.9,71.62,93.0,38.0,2.21,BO,1592883723.0
amboasary,-25.03,46.38,64.4,93.0,40.0,2.24,MG,1592883916.0
pitimbu,-7.47,-34.81,76.91,74.0,93.0,14.2,BR,1592883916.0
ancud,-41.87,-73.82,42.01,100.0,20.0,6.93,CL,1592883916.0
huarmey,-10.07,-78.15,61.57,86.0,67.0,7.47,PE,1592883916.0
derzhavinsk,51.1,66.32,59.49,56.0,29.0,21.32,KZ,1592883916.0
tafalla,42.53,-1.67,59.0,93.0,0.0,2.24,ES,1592883916.0
hillsborough,37.57,-122.38,66.2,72.0,20.0,17.22,US,1592883866.0
san patricio,19.22,-104.7,81.39,75.0,47.0,3.24,MX,1592883916.0
isangel,-19.55,169.27,78.8,78.0,75.0,5.82,VU,1592883916.0
calama,-22.47,-68.93,42.8,13.0,0.0,18.34,CL,1592883916.0
bonthe,7.53,-12.51,77.4,86.0,77.0,3.69,SL,1592883917.0
caravelas,-17.71,-39.25,68.9,84.0,0.0,3.24,BR,1592883917.0
san juan,-31.54,-68.54,55.13,39.0,1.0,12.82,AR,1592883917.0
constitucion,-35.33,-72.42,51.44,86.0,69.0,7.7,CL,1592883917.0
balaipungut,1.05,101.28,82.4,74.0,81.0,9.17,ID,1592883825.0
kalashnikovo,57.28,35.23,59.54,72.0,0.0,2.53,RU,1592883917.0
marsh harbour,26.54,-77.06,81.5,83.0,6.0,6.06,BS,1592883917.0
treinta y tres,-33.23,-54.38,61.92,95.0,100.0,12.68,UY,1592883918.0
izhma,65.01,53.91,42.04,83.0,94.0,7.25,RU,1592883918.0
buchanan,5.88,-10.05,77.0,94.0,75.0,5.44,LR,1592883918.0
mizque,-17.94,-65.34,58.1,60.0,0.0,4.36,BO,1592883918.0
ondangwa,-17.92,15.95,50.0,57.0,0.0,3.36,NA,1592883918.0
san jeronimo,-11.95,-75.28,44.78,73.0,70.0,1.61,PE,1592883918.0
akureyri,65.68,-18.09,44.6,93.0,90.0,8.05,IS,1592883918.0
qasigiannguit,68.82,-51.19,42.8,81.0,61.0,4.7,GL,1592883918.0
iracoubo,5.48,-53.2,77.0,89.0,100.0,7.31,GF,1592883919.0
sicuani,-14.27,-71.23,43.48,68.0,44.0,3.13,PE,1592883919.0
asau,46.43,26.4,61.0,100.0,28.0,2.24,RO,1592883919.0
uruzgan,32.83,66.0,87.49,12.0,0.0,4.68,AF,1592883919.0
hasaki,35.73,140.83,75.0,83.0,75.0,3.36,JP,1592883919.0
buraydah,26.33,43.98,75.2,41.0,0.0,6.93,SA,1592883924.0
roald,62.58,6.13,55.99,93.0,100.0,6.93,NO,1592883924.0
sal rei,16.18,-22.92,75.2,88.0,40.0,17.22,CV,1592883924.0
krasyliv,49.65,26.97,63.27,95.0,47.0,6.64,UA,1592883924.0
cockburn town,21.46,-71.14,82.6,83.0,77.0,19.28,TC,1592883924.0
altus,34.64,-99.33,82.4,61.0,90.0,6.93,US,1592883925.0
fairbanks,64.84,-147.72,52.0,93.0,90.0,11.41,US,1592883925.0
springdale,36.19,-94.13,73.4,73.0,1.0,3.36,US,1592883656.0
moree,-29.47,149.85,53.6,71.0,75.0,12.75,AU,1592883925.0
clyde river,70.47,-68.59,37.4,100.0,90.0,6.93,CA,1592883925.0
san quintin,30.48,-115.95,64.38,87.0,3.0,11.88,MX,1592883925.0
ribeira grande,38.52,-28.7,66.69,93.0,43.0,11.65,PT,1592883925.0
husavik,66.04,-17.34,44.6,93.0,90.0,8.05,IS,1592883925.0
tautira,-17.73,-149.15,80.6,61.0,20.0,4.7,PF,1592883925.0
lubu,23.17,112.28,89.01,99.0,76.0,4.27,CN,1592883925.0
bakchar,57.02,82.07,66.27,88.0,100.0,2.13,RU,1592883926.0
cherskiy,68.75,161.3,52.54,44.0,18.0,18.61,RU,1592883926.0
novobirilyussy,56.95,90.67,74.79,47.0,4.0,2.62,RU,1592883926.0
avera,33.19,-82.53,77.0,73.0,40.0,4.7,US,1592883926.0
asamankese,5.86,-0.66,77.0,94.0,100.0,5.82,GH,1592883926.0
westport,41.14,-73.36,73.99,78.0,1.0,4.7,US,1592883839.0
belaya gora,68.53,146.42,79.39,29.0,95.0,11.25,RU,1592883926.0
mount gambier,-37.83,140.77,57.2,87.0,90.0,10.29,AU,1592883926.0
rio grande,-32.03,-52.1,62.01,97.0,99.0,7.0,BR,1592883900.0
zhuanghe,39.7,122.99,80.01,64.0,98.0,1.01,CN,1592883927.0
suzhou,31.31,120.62,77.0,96.0,100.0,7.0,CN,1592883927.0
doha,25.29,51.53,89.6,40.0,0.0,6.93,QA,1592883679.0
wagar,16.15,36.2,87.73,46.0,25.0,17.47,SD,1592883927.0
malanje,-9.54,16.34,50.79,47.0,0.0,4.07,AO,1592883927.0
nizwa,22.93,57.53,92.12,34.0,93.0,1.86,OM,1592883927.0
bereda,43.27,-7.54,59.0,100.0,1.0,0.92,ES,1592883927.0
fort pierce,27.45,-80.33,80.6,88.0,1.0,4.7,US,1592883927.0
caxias,38.7,-9.28,66.99,88.0,0.0,12.75,PT,1592883927.0
gujar khan,33.26,73.3,91.4,59.0,40.0,20.8,PK,1592883928.0
mareeba,-17.0,145.43,82.0,57.0,0.0,10.29,AU,1592883928.0
itarema,-2.92,-39.92,76.86,85.0,63.0,9.8,BR,1592883928.0
grindavik,63.84,-22.43,44.6,93.0,40.0,9.17,IS,1592883928.0
meulaboh,4.14,96.13,75.99,85.0,100.0,8.25,ID,1592883928.0
northam,51.03,-4.22,57.0,88.0,8.0,8.99,GB,1592883928.0
fukue,32.69,128.84,80.6,54.0,5.0,4.7,JP,1592883928.0
pangkalanbuun,-2.68,111.62,84.51,77.0,26.0,5.59,ID,1592883928.0
agadez,19.75,10.25,78.19,16.0,0.0,3.8,NE,1592883928.0
jamiltepec,16.28,-97.82,74.43,91.0,92.0,2.51,MX,1592883929.0
gijon,43.54,-5.66,63.0,84.0,40.0,4.21,ES,1592883929.0
victoria,22.29,114.16,93.0,71.0,93.0,14.0,HK,1592883929.0
bogorodskoye,56.55,37.88,59.4,71.0,59.0,3.22,RU,1592883929.0
along,28.17,94.77,78.87,86.0,85.0,1.61,IN,1592883929.0
jijiga,9.35,42.8,65.71,73.0,25.0,10.92,ET,1592883934.0
ust-maya,60.42,134.53,81.66,33.0,16.0,0.56,RU,1592883934.0
jerome,42.72,-114.52,75.2,27.0,1.0,6.93,US,1592883934.0
santa flavia,38.09,13.54,72.0,73.0,1.0,2.24,IT,1592883934.0
qaqortoq,60.72,-46.03,48.2,66.0,0.0,5.82,GL,1592883934.0
nouakchott,18.09,-15.98,95.0,15.0,0.0,14.99,MR,1592883908.0
challans,46.84,-1.87,59.0,82.0,65.0,2.24,FR,1592883935.0
puerto el triunfo,13.28,-88.55,78.8,94.0,71.0,3.27,SV,1592883935.0
ucluelet,48.93,-125.55,61.0,73.0,91.0,1.3,CA,1592883651.0
dunmore east,52.15,-6.99,59.0,95.0,90.0,8.01,IE,1592883935.0
ahuimanu,21.44,-157.84,84.2,54.0,20.0,11.41,US,1592883935.0
jiayuguan,39.82,98.3,83.8,13.0,2.0,12.95,CN,1592883935.0
valparaiso,-33.04,-71.63,50.0,100.0,90.0,3.36,CL,1592883935.0
hanchuan,30.65,113.77,75.2,94.0,40.0,4.47,CN,1592883935.0
olafsvik,64.89,-23.71,48.38,84.0,100.0,11.63,IS,1592883935.0
verkhoyansk,67.54,133.38,89.74,24.0,0.0,6.11,RU,1592883936.0
tambilil,5.96,124.67,93.2,52.0,40.0,4.7,PH,1592883936.0
hofn,64.25,-15.21,46.81,79.0,51.0,2.13,IS,1592883936.0
haines junction,60.75,-137.51,52.84,44.0,68.0,7.81,CA,1592883936.0
omaruru,-21.43,15.93,47.88,50.0,0.0,8.48,NA,1592883936.0
san carlos de bariloche,-41.15,-71.31,35.6,80.0,75.0,8.05,AR,1592883850.0
okha,53.57,142.95,45.28,83.0,100.0,9.51,RU,1592883936.0
sechura,-5.56,-80.82,65.71,80.0,1.0,11.83,PE,1592883936.0
yegorlykskaya,46.57,40.66,71.56,77.0,2.0,6.64,RU,1592883936.0
namatanai,-3.67,152.43,85.89,65.0,34.0,3.74,PG,1592883937.0
shar,49.59,81.05,72.59,36.0,2.0,5.66,KZ,1592883937.0
juneau,58.3,-134.42,55.4,66.0,90.0,10.29,US,1592883937.0
phu ly,20.54,105.91,99.9,43.0,90.0,5.37,VN,1592883910.0
halifax,44.65,-63.57,64.99,84.0,100.0,2.53,CA,1592883891.0
palmer,42.16,-72.33,71.01,87.0,39.0,3.85,US,1592883937.0
hailun,47.45,126.93,56.53,97.0,100.0,14.83,CN,1592883937.0
nome,64.5,-165.41,63.0,76.0,75.0,4.7,US,1592883937.0
altay,47.87,88.12,69.1,26.0,0.0,6.29,CN,1592883937.0
katsuura,35.13,140.3,77.0,78.0,75.0,5.82,JP,1592883938.0
buala,-8.14,159.59,85.23,66.0,83.0,3.15,SB,1592883938.0
osterhofen,48.7,13.02,57.99,100.0,0.0,1.52,DE,1592883818.0
canandaigua,42.87,-77.29,69.01,99.0,100.0,4.85,US,1592883671.0
hakkari,37.58,44.17,62.65,45.0,2.0,3.2,TR,1592883938.0
mandalgovi,45.76,106.27,74.89,20.0,35.0,13.22,MN,1592883938.0
phan thiet,10.93,108.1,88.34,64.0,14.0,5.03,VN,1592883938.0
wamba,8.93,8.6,69.84,94.0,94.0,1.72,NG,1592883938.0
payson,40.04,-111.73,78.8,22.0,1.0,12.75,US,1592883939.0
sur,22.57,59.53,90.19,57.0,100.0,8.32,OM,1592883939.0
birjand,32.87,59.22,78.8,19.0,0.0,6.93,IR,1592883939.0
nuuk,64.18,-51.72,35.6,100.0,63.0,3.36,GL,1592883902.0
bure,10.7,37.07,58.03,92.0,70.0,2.24,ET,1592883939.0
george,-33.96,22.46,51.8,71.0,0.0,1.12,ZA,1592883742.0
puerto colombia,10.99,-74.95,82.4,83.0,48.0,10.29,CO,1592883939.0
soma,39.19,27.61,64.4,93.0,40.0,1.12,TR,1592883814.0
sept-iles,50.2,-66.38,57.0,93.0,90.0,3.36,CA,1592883944.0
lensk,60.73,114.93,68.16,62.0,52.0,9.33,RU,1592883945.0
anshun,26.25,105.93,75.99,81.0,91.0,4.68,CN,1592883945.0
sampit,-2.53,112.95,82.49,86.0,15.0,4.45,ID,1592883945.0
sinop,41.77,34.87,67.96,74.0,45.0,5.41,TR,1592883945.0
aksu,41.12,80.26,90.64,11.0,25.0,8.03,CN,1592883945.0
ayan,56.45,138.17,45.95,87.0,51.0,8.99,RU,1592883945.0
korla,41.76,86.15,86.72,13.0,12.0,12.08,CN,1592883786.0
dukat,62.55,155.55,74.37,34.0,68.0,10.87,RU,1592883945.0
torit,4.41,32.57,69.35,80.0,91.0,3.09,SS,1592883945.0
luau,-10.71,22.22,49.24,53.0,0.0,4.45,AO,1592883945.0
conakry,9.54,-13.68,80.83,83.0,69.0,11.52,GN,1592883946.0
krasnoselkup,65.7,82.47,61.59,49.0,0.0,12.39,RU,1592883946.0
lompoc,34.64,-120.46,59.0,82.0,7.0,5.82,US,1592883907.0
redlands,34.06,-117.18,82.4,42.0,5.0,11.41,US,1592883783.0
jacareacanga,-6.22,-57.75,74.5,76.0,7.0,1.28,BR,1592883946.0
pandan,14.05,124.17,85.06,79.0,91.0,5.95,PH,1592883946.0
bojnurd,37.47,57.33,71.6,24.0,0.0,4.7,IR,1592883946.0
caranavi,-15.82,-67.55,61.5,93.0,93.0,1.99,BO,1592883946.0
sao joao da barra,-21.64,-41.05,68.88,84.0,0.0,7.96,BR,1592883946.0
honiara,-9.43,159.95,86.0,74.0,75.0,3.36,SB,1592883946.0
todos santos,23.45,-110.22,70.0,95.0,21.0,1.01,MX,1592883947.0
tyler,32.35,-95.3,79.0,88.0,1.0,9.17,US,1592883947.0
muroto,33.28,134.15,80.6,65.0,20.0,9.17,JP,1592883947.0
pospelikha,51.95,81.77,69.1,56.0,33.0,0.78,RU,1592883947.0
erzin,36.96,36.2,72.0,90.0,54.0,3.24,TR,1592883947.0
kloulklubed,7.04,134.26,87.8,70.0,75.0,9.17,PW,1592883947.0
victoria point,-27.58,153.3,68.0,49.0,0.0,15.55,AU,1592883947.0
hambantota,6.12,81.12,84.2,79.0,75.0,13.87,LK,1592883948.0
paraiso,9.84,-83.87,71.6,100.0,100.0,2.24,CR,1592883948.0
syracuse,37.09,15.28,64.4,72.0,7.0,3.36,IT,1592883948.0
hirara,24.8,125.28,87.8,74.0,75.0,11.41,JP,1592883948.0
pochutla,15.74,-96.47,81.0,78.0,100.0,3.13,MX,1592883948.0
port hardy,50.7,-127.42,55.4,93.0,90.0,14.99,CA,1592883948.0
noumea,-22.28,166.46,82.4,48.0,20.0,4.7,NC,1592883948.0
killybegs,54.63,-8.45,52.0,95.0,100.0,5.7,IE,1592883948.0
simao,22.79,100.97,81.36,58.0,76.0,4.63,CN,1592883829.0
lloydminster,53.28,-110.0,69.8,56.0,75.0,4.7,CA,1592883949.0
mogok,22.92,96.5,74.89,92.0,82.0,5.06,MM,1592883949.0
totma,59.97,42.76,58.66,58.0,95.0,6.85,RU,1592883949.0
kibala,9.11,18.35,78.8,83.0,85.0,6.51,TD,1592883949.0
chifeng,42.27,118.96,86.07,30.0,94.0,1.83,CN,1592883949.0
talnakh,69.49,88.4,60.8,48.0,66.0,22.37,RU,1592883949.0
naze,28.37,129.48,84.2,78.0,75.0,17.22,JP,1592883949.0
demyansk,57.64,32.47,61.54,64.0,0.0,1.9,RU,1592883949.0
doka,13.52,35.77,78.55,66.0,76.0,7.23,SD,1592883954.0
janovice nad uhlavou,49.35,13.22,57.2,87.0,75.0,0.47,CZ,1592883955.0
rundu,-17.93,19.77,46.4,58.0,0.0,3.36,NA,1592883955.0
codajas,-3.84,-62.06,76.62,77.0,94.0,3.06,BR,1592883955.0
bam,29.11,58.36,96.73,9.0,0.0,22.17,IR,1592883955.0
bangalore,12.98,77.6,78.01,83.0,40.0,9.17,IN,1592883801.0
moranbah,-22.0,148.05,68.31,29.0,0.0,4.21,AU,1592883955.0
lanzhou,36.06,103.79,71.6,40.0,84.0,6.71,CN,1592883955.0
majene,-3.54,118.97,84.72,67.0,41.0,14.5,ID,1592883955.0
santa maria ixhuatan,14.19,-90.27,66.2,88.0,75.0,6.93,GT,1592883955.0
mao,39.89,4.27,68.0,88.0,0.0,5.82,ES,1592883955.0
jizan,17.33,42.67,89.6,70.0,20.0,4.7,SA,1592883956.0
povenets,62.85,34.83,59.11,75.0,77.0,6.8,RU,1592883956.0
grenville,12.12,-61.62,81.09,81.0,65.0,17.65,GD,1592883956.0
ewa beach,21.32,-158.01,84.2,48.0,40.0,14.99,US,1592883956.0
pacific grove,36.62,-121.92,60.8,82.0,90.0,6.93,US,1592883956.0
coquimbo,-29.95,-71.34,51.8,93.0,100.0,3.36,CL,1592883956.0
port macquarie,-31.43,152.92,63.0,47.0,0.0,7.0,AU,1592883806.0
windhoek,-22.56,17.08,50.0,37.0,0.0,6.93,NA,1592883956.0
farso,56.77,9.34,52.0,94.0,0.0,6.98,DK,1592883956.0
luena,-11.78,19.92,45.54,66.0,0.0,3.22,AO,1592883957.0
debno,52.74,14.7,55.99,30.0,0.0,1.01,PL,1592883957.0
poros,37.5,23.45,70.0,81.0,14.0,9.13,GR,1592883957.0
sala,34.04,-6.82,70.0,88.0,0.0,10.29,MA,1592883703.0
puerto madryn,-42.77,-65.04,47.86,53.0,56.0,10.18,AR,1592883750.0
manado,1.49,124.85,87.8,62.0,40.0,2.24,ID,1592883781.0
kavieng,-2.57,150.8,85.1,69.0,5.0,6.08,PG,1592883957.0
pontes e lacerda,-15.23,-59.34,68.88,65.0,12.0,2.39,BR,1592883957.0
baie-comeau,49.22,-68.15,53.6,100.0,75.0,3.36,CA,1592883957.0
skjervoy,70.03,20.97,48.99,78.0,34.0,2.77,NO,1592883957.0
puerto carreno,6.19,-67.49,77.85,89.0,100.0,2.59,CO,1592883957.0
riviere-au-renard,49.0,-64.4,64.4,88.0,75.0,3.36,CA,1592883958.0
calbuco,-41.77,-73.13,42.8,93.0,90.0,8.05,CL,1592883958.0
kieta,-6.22,155.63,84.74,69.0,22.0,3.2,PG,1592883958.0
belmonte,-15.86,-38.88,69.8,88.0,40.0,3.36,BR,1592883958.0
lar,26.2,83.97,93.51,51.0,0.0,13.58,IN,1592883958.0
tulsipur,28.13,82.3,85.53,59.0,48.0,4.05,NP,1592883958.0
bara,10.37,10.73,73.89,79.0,0.0,10.51,NG,1592883958.0
lokosovo,61.13,74.82,56.61,59.0,16.0,4.92,RU,1592883958.0
nelson bay,-32.72,152.15,59.0,47.0,40.0,24.16,AU,1592883958.0
valdivia,-39.81,-73.25,44.6,100.0,40.0,5.82,CL,1592883959.0
almaznyy,48.04,40.05,68.0,82.0,84.0,2.24,RU,1592883959.0
the valley,18.22,-63.06,84.2,74.0,40.0,10.29,AI,1592883959.0
canutama,-6.53,-64.38,75.09,77.0,48.0,0.47,BR,1592883959.0
ulladulla,-35.35,150.47,59.0,44.0,40.0,14.99,AU,1592883959.0
oktyabrskiy,54.48,53.47,55.13,70.0,24.0,3.27,RU,1592883959.0
butembo,0.15,29.28,55.49,100.0,3.0,2.55,CD,1592883959.0
choconta,5.14,-73.69,49.96,94.0,69.0,2.37,CO,1592883964.0
mercedes,-34.65,-59.43,57.0,95.0,98.0,4.0,AR,1592883964.0
moose factory,51.26,-80.61,53.6,100.0,90.0,3.36,CA,1592883965.0
hamilton,39.18,-84.53,78.8,78.0,20.0,3.36,US,1592883965.0
rio cuarto,-33.13,-64.35,44.6,70.0,55.0,4.7,AR,1592883965.0
uttarkashi,30.73,78.45,82.4,78.0,75.0,4.7,IN,1592883965.0
gombe,10.29,11.17,73.45,77.0,0.0,13.82,NG,1592883965.0
adrar,20.5,-10.07,94.44,12.0,70.0,13.73,MR,1592883965.0
zyryanka,65.75,150.85,84.94,25.0,15.0,17.87,RU,1592883965.0
dabakala,8.37,-4.43,70.9,95.0,81.0,4.88,CI,1592883965.0
padang,-0.95,100.35,77.22,81.0,100.0,4.23,ID,1592883966.0
lasa,46.62,10.7,50.0,93.0,5.0,8.05,IT,1592883966.0
egvekinot,66.32,-179.17,48.49,50.0,25.0,3.13,RU,1592883966.0
tekirdag,40.98,27.51,64.4,100.0,98.0,8.05,TR,1592883966.0
khrebtovaya,56.7,104.25,75.29,46.0,59.0,5.7,RU,1592883966.0
angoche,-16.23,39.91,71.6,89.0,86.0,9.69,MZ,1592883966.0
margate,51.38,1.39,60.01,80.0,0.0,1.99,GB,1592883966.0
san lawrenz,36.06,14.2,69.01,94.0,20.0,2.24,MT,1592883966.0
alabaster,33.24,-86.82,73.99,94.0,90.0,6.31,US,1592883967.0
hay river,60.82,-115.8,68.0,52.0,75.0,10.29,CA,1592883967.0
ixtapa,20.7,-105.2,86.0,66.0,75.0,6.93,MX,1592883967.0
nemuro,43.32,145.57,64.4,72.0,75.0,6.93,JP,1592883967.0
khangarh,29.92,71.16,98.6,44.0,0.0,9.17,PK,1592883967.0
geraldton,-28.77,114.6,68.0,60.0,40.0,18.34,AU,1592883967.0
morrope,-6.54,-80.01,64.2,83.0,4.0,10.31,PE,1592883967.0
port lincoln,-34.73,135.87,57.45,63.0,40.0,6.8,AU,1592883689.0
gravdal,68.12,13.5,54.55,91.0,89.0,6.71,NO,1592883967.0
tarakan,3.3,117.63,83.25,72.0,15.0,2.37,ID,1592883968.0
san juan de la maguana,18.81,-71.23,60.01,47.0,38.0,1.97,DO,1592883968.0
waidhofen,48.58,11.33,55.4,100.0,20.0,1.12,DE,1592883968.0
alotenango,14.48,-90.81,66.2,88.0,75.0,6.93,GT,1592883968.0
tefe,-3.35,-64.71,73.11,94.0,54.0,1.66,BR,1592883968.0
nishihara,26.18,127.76,86.0,83.0,75.0,8.05,JP,1592883968.0
makakilo city,21.35,-158.09,84.2,54.0,90.0,13.87,US,1592883968.0
el vigia,8.62,-71.65,75.61,78.0,96.0,4.54,VE,1592883968.0
walvis bay,-22.96,14.51,60.8,28.0,0.0,16.11,NA,1592883968.0
tallahassee,30.44,-84.28,75.2,78.0,1.0,4.63,US,1592883735.0
beisfjord,68.38,17.6,55.4,87.0,44.0,33.33,NO,1592883969.0
yakima,46.47,-120.67,86.0,25.0,1.0,5.82,US,1592883961.0
kidal,18.44,1.41,84.58,20.0,3.0,5.23,ML,1592883969.0
klimovo,52.38,32.19,64.0,91.0,77.0,7.76,RU,1592883969.0
puerto asis,0.51,-76.5,70.95,97.0,70.0,1.05,CO,1592883969.0
waingapu,-9.66,120.26,84.4,61.0,10.0,15.05,ID,1592883969.0
trairi,-3.28,-39.27,76.06,89.0,82.0,8.05,BR,1592883970.0
canyon,34.98,-101.92,64.0,95.0,99.0,7.0,US,1592883719.0
mildura,-34.2,142.15,57.2,76.0,90.0,11.41,AU,1592883970.0
ojinaga,29.57,-104.42,91.4,9.0,1.0,8.05,MX,1592883970.0
funadhoo,6.15,73.27,84.11,77.0,100.0,12.46,MV,1592883975.0
uhlove,44.82,33.6,69.94,67.0,44.0,5.73,UA,1592883975.0
indramayu,-6.33,108.32,85.28,66.0,80.0,10.13,ID,1592883975.0
maarianhamina,60.1,19.93,51.8,93.0,100.0,1.12,AX,1592883975.0
black river,18.03,-77.85,84.2,83.0,20.0,6.93,JM,1592883975.0
half moon bay,37.46,-122.43,66.99,68.0,5.0,6.93,US,1592883976.0
bubaque,11.28,-15.83,81.52,83.0,27.0,12.68,GW,1592883976.0
la paz,-16.5,-68.15,32.0,72.0,3.0,2.24,BO,1592883976.0
faya,18.39,42.45,69.8,19.0,33.0,14.43,SA,1592883976.0
sao felix do xingu,-6.64,-51.99,69.51,85.0,9.0,1.95,BR,1592883976.0
tocopilla,-22.09,-70.2,59.25,72.0,44.0,0.67,CL,1592883976.0
sao caetano de odivelas,-0.75,-48.02,74.28,94.0,45.0,5.37,BR,1592883976.0
poum,-20.23,164.02,74.62,76.0,60.0,7.67,NC,1592883976.0
saint-paul,-21.01,55.27,68.0,77.0,20.0,6.93,RE,1592883976.0
paamiut,61.99,-49.67,39.38,87.0,0.0,15.61,GL,1592883977.0
west wendover,40.74,-114.07,84.2,17.0,1.0,11.41,US,1592883977.0
port hedland,-20.32,118.57,78.94,40.0,0.0,8.79,AU,1592883977.0
ostrovskoye,57.81,42.24,60.42,67.0,0.0,3.94,RU,1592883977.0
luanda,-8.84,13.23,73.4,78.0,75.0,3.36,AO,1592883774.0
puerto narino,-3.77,-70.38,73.4,100.0,75.0,2.24,CO,1592883977.0
shemgang,27.22,90.66,73.63,67.0,40.0,5.1,BT,1592883977.0
bambanglipuro,-7.95,110.28,84.45,65.0,64.0,14.07,ID,1592883978.0
muyezerskiy,63.93,31.65,62.15,69.0,76.0,6.13,RU,1592883978.0
wanaka,-44.7,169.15,39.99,83.0,0.0,0.89,NZ,1592883978.0
salalah,17.02,54.09,82.4,88.0,83.0,4.7,OM,1592883978.0
bila tserkva,49.81,30.11,65.39,94.0,1.0,3.11,UA,1592883978.0
pyshma,56.95,63.25,56.68,57.0,0.0,7.72,RU,1592883978.0
mackay,-21.15,149.2,69.8,46.0,0.0,16.11,AU,1592883978.0
san cristobal,7.77,-72.22,66.27,85.0,100.0,4.79,VE,1592883978.0
roma,43.21,-75.46,75.2,78.0,75.0,3.36,US,1592883978.0
nurota,40.56,65.69,86.0,27.0,0.0,9.17,UZ,1592883979.0
manjakandriana,-18.92,47.8,60.8,82.0,75.0,5.82,MG,1592883979.0
nueva loja,0.08,-76.88,70.0,98.0,73.0,2.15,EC,1592883979.0
canals,38.96,-0.58,70.0,80.0,0.0,0.49,ES,1592883979.0
comodoro rivadavia,-45.87,-67.5,42.8,56.0,0.0,11.41,AR,1592883750.0
vila velha,-20.33,-40.29,64.0,93.0,1.0,2.24,BR,1592883979.0
nacala,-14.54,40.67,71.19,87.0,100.0,11.97,MZ,1592883979.0
